Date,Birla Sun Life Advantage Fund,Birla Sun Life Dividend Yield Plus,Birla Sun Life Equity Fund,Birla Sun Life India GenNext Fund,Birla Sun Life Special Situations Fund,DSP BR Equity Fund,DSP BR Focus 25 Fund,DSP BR Opportunities Fund,DWS Investment Opportunity Fund,Franklin India Flexi Cap Fund,Franklin India High Growth Companies Fund,Franklin India Prima Plus,HDFC Capital Builder,HDFC Core & Satellite Fund,HDFC Equity Fund,HDFC Growth Fund,HDFC Premier Multi-Cap Fund,HSBC India Opportunities Fund,ICICI Pru Dynamic Plan,ICICI Pru Exports and Other Services Fund,IDFC Classic Equity Fund Plan A,Kotak Select Focus Fund,L&T India Special Situations Fund,Mirae Asset India Opportunities Fund,PineBridge India Equity Fund Standard Plan,Principal Growth Fund,Reliance Equity Opportunities Fund,Reliance Growth Fund,Reliance Regular Savings Fund Equity,Reliance Top 200 Fund,Reliance Vision Fund,SBI Contra Fund,SBI Magnum Multicap Fund,SBI Magnum Multiplier Plus 93,SBI PSU Fund,Sundaram PSU Opportunities Fund,Tata Dividend Yield Fund,Tata Equity Opportunities Fund,Tata Equity P/E Fund,Tata Ethical Fund,Taurus Starshare,Templeton India Growth Fund,UTI-MNC Fund,UTI-Services Industries Fund
01-01-2000,,,40.21,,,,,,,,,30.79,14.5,,23.6,,,,,,,,,,,,,40.51,,,22.99,12.84,,,,,,,,25.76,11.3,,16.38,20.49
01-02-2000,,,47.53,,,,,,,,,31.1,14.12,,25.57,,,,,,,,,,,,,40.73,,,27.28,13.74,,,,,,,,28.38,12.51,,16.56,27.02
01-03-2000,,,60.04,,,,,,,,,34.29,14.32,,27.74,,,,,,,,,,,,,45.54,,,28.47,12.07,,,,,,,,36.37,13.83,,17.55,37.54
01-04-2000,,,52.4,,,,,,,,,30.43,13.05,,24.89,,,,,,,,,,,,,39.37,,,24.19,9.41,,,,,,,,32.05,12.31,,13.66,35.45
01-05-2000,,,38.89,,,,,,,,,24.88,12.17,,21.86,,,,,,,,,,,,,30.15,,,20,8.35,,,,,,,,21.2,8.95,,11.85,32.72
01-06-2000,,,35.07,,,,,9.07,,,,22.62,12.62,,19.97,,,,,,,,,,,,,27.51,,,19.38,8.42,,,,,,,,18.82,9.19,,11.63,28.63
01-07-2000,,,39.93,,,,,10.17,,,,24.27,13.6,,21.78,,,,,,,,,,,,,28.61,,,20.42,8.65,,,,,,,,22.15,10.04,,12.5,33.52
01-08-2000,,,34.67,,,,,8.7,,,,22,12.98,,18.69,,,,,,,,,,,,,25.69,,,20.09,8.03,,,,,,,,17.9,9.02,,11.53,28.34
01-09-2000,,,37.75,,,,,9.64,,,,23.75,12.99,,20.79,,,,,,,,,,,,,24.84,,,19.33,8.31,,,,,,,,20.15,9.57,,11.61,30.93
01-10-2000,,,36.12,,,,,8.62,,,,21.36,11.77,,18.86,9.72,,,,,,,,,,,,24.66,,,18.84,8.23,,,,,,,,17.48,8.68,,10.73,26.9
01-11-2000,,,35.11,,,,,8.12,,,,20.56,11.1,,18.57,9.63,,,,,,,,,,,,24.05,,,17.74,7.76,,,,,,,,15.75,8.15,,10.39,24.73
01-12-2000,,,35.85,,,,,8.69,,,,21.04,11.72,,18.93,9.79,,,,,,,,,,10.15,,24.29,,,18.19,8.24,,,,,,,,15.44,8.62,,10.96,26.33
01-01-2001,,,33,,,,,8.51,,,,20.97,11.97,,18.8,9.39,,,,,,,,,,9.93,,24.19,,,18.22,8.38,,,,,,,,13.29,8.37,,11.49,27.39
01-02-2001,,,34.78,,,,,9.26,,,,22.33,11.92,,19.67,9.27,,,,,,,,,,10.57,,24.54,,,18.42,8.98,,,,,,,,14.55,8.59,,10.68,26.42
01-03-2001,,,32.11,,,,,8.97,,,,23.21,12.21,,19.66,8.8,,,,,,,,,,10.37,,24.3,,,17.76,9.3,,,,,,,,13.33,8.09,,11.34,25.01
01-04-2001,,,24.92,,,,,7.17,,,,19.04,10.21,,16.44,7.46,,,,,,,,,,8.96,,19.44,,,13.91,7.84,,,,,,,,11.53,5.96,,10.06,19.28
01-05-2001,23.69,,24.24,,,,,6.95,,,,19.62,9.81,,16.99,7.28,,,,,,,,,,8.75,,19.71,,,14.07,7.98,,,,,,,,11.63,5.85,,9.92,18.49
01-06-2001,23.96,,25.62,,,,,7.45,,,,20.69,9.87,,17.89,7.47,,,,,,,,,,8.8,,20.96,,,15.12,8.27,,,,,,,,11.72,5.82,,10.02,19.37
01-07-2001,22.49,,22.46,,,,,6.76,,,,19.4,9.5,,16.86,7.13,,,,,,,,,,8.6,,19.76,,,14.37,7.93,,,,,,,,10.99,5.08,,9.68,17.745
01-08-2001,21.59,,22.67,,,,,6.56,,,,19.13,9.15,,16.14,6.87,,,,,,,,,,8.09,,18.56,,,13.54,7.66,,,,,,,,10.54,4.95,,9.52,16.12
01-09-2001,21.62,,22.72,,,,,6.45,,,,18.61,9.25,,16.01,6.95,,,,,,,,,,8.16,,18.43,,,13.56,7.53,,,,,,,,10.75,4.9,,9.56,15.68
01-10-2001,20.05,,18.42,,,,,5.55,,,,15.94,8.64,,14.69,6.36,,,,,,,,,,7.34,,16.73,,,12.61,6.74,,,,,,,,9.97,4.4,,8.9,13.64
01-11-2001,21.33,,20.78,,,,,6.25,,,,17.78,8.93,,16.73,6.79,,,,,,,,,,8.08,,18.09,,,13.73,7.33,,,,,,,,10.65,4.72,,9.51,14.86
01-12-2001,22.98,,23.03,,,,,6.9,,,,19.66,9.33,,17.95,7.26,,,,,,,,,,8.54,,19.81,,,14.86,8.22,,,,,,,,11.14,5.25,,9.91,16.44
01-01-2002,23.23,,23.65,,,,,6.64,,,,19.83,9.21,,18.2,7.17,,,,,,,,,,8.39,,19.75,,,15.38,7.81,,,,,,,,10.76,5.14,,9.99,15.98
01-02-2002,24.13,,25.62,,,,,7.4,,,,21.07,9.79,,19.64,7.88,,,,,,,,,,8.68,,21.27,,,16.78,8.95,,,,,,,,11.59,5.22,,10.27,16.12
01-03-2002,26.2,,27.22,,,,,8.18,,,,23.85,10.56,,21.92,8.7,,,,,,,,,,10.03,,22.92,,,19.03,10.5,,,,,,,,12.89,5.61,,11.07,17.82
01-04-2002,26.62,,26.9,,,,,8.2,,,,24,11.18,,22.59,8.69,,,,,,,,,,10.1,,24.11,,,19.3,10.64,,,,,,,,12.97,5.82,,10.83,18.13
01-05-2002,26.69,,27.6,,,,,8.08,,,,23.68,11.49,,22.62,8.69,,,,,,,,,,9.7,,26.61,,,21.34,10.96,,,,,,,,13.05,6.05,,10.92,17.88
01-06-2002,24.79,,25.85,,,,,7.64,,,,22.28,10.66,,21.2,8.16,,,,,,,,,,9.02,,26.9,,,21.98,10.43,,,,,,,,12.04,5.78,,10.35,17.35
01-07-2002,25.99,,26.73,,,,,8.24,,,,23.13,11.45,,22.31,8.7,,,,,,,,,,9.56,,30.84,,,26.35,11.36,,,,,,,,13.01,6.95,,10.91,17.71
01-08-2002,23.83,,24.06,,,,,7.56,,,,21.93,10.6,,20.86,8.12,,,,,,,,,,9.03,,27.71,,,23.47,10.15,,,,,,,,12.2,5.74,,10.4,16.4
01-09-2002,24.54,,25.39,,,,,7.8,,,,22.98,11.07,,21.82,8.43,,,,,,,,,,9.52,,28.4,,,24.31,10.34,,,,,,,,12.28,5.86,,10.74,12.86
01-10-2002,22.46,,23.48,,,,,7.17,,,,21.11,10.46,,19.82,7.75,,,,,,,,,,9.02,,27.05,,,23.49,9.31,,,,,,,,11.28,5.59,,10.17,12.22
01-11-2002,22.18,,22.61,,,,,7.29,,,,21.09,10.08,,20.08,7.83,,,10,,,,,,,9.07,,27.07,,,23.81,9.7,,,,,,,,11.11,5.7,,9.74,12.18
01-12-2002,23.12,,24.4,,,,,7.8,,,,22.36,10.43,,21.05,8.31,,,11.18,,,,,,,9.89,,28.38,,,25.28,10.17,,,,,,,,11.84,6.05,,10.04,13.08
01-01-2003,24.27,,26.01,,,,,8.47,,,,23.87,10.86,,22.9,8.7,,,11.49,,,,,,,10.25,,30.76,,,26.85,10.56,,,,,,8.13,,12.4,6.1,,10.32,13.91
01-02-2003,23.58,,24.88,,,,,8.25,,,,23.28,10.68,,22.43,8.59,,,10.82,,,,,,,9.89,,29.83,,,26.92,10.22,,,,,,7.81,,12.15,5.86,,10.11,13.73
01-03-2003,23.94,10.01,25.8,,,,,8.51,,,,23.58,10.76,,23.16,8.65,,,10.87,,,,,,,10.23,,30.42,,,27.41,10.52,,,,,,7.99,,12.62,5.98,,10.24,13.97
01-04-2003,23.01,9.81,24.62,,,,,8.22,,,,22.74,10.09,,22.39,8.32,,,10.34,,,,,,,9.74,,28.28,,,26.5,9.98,,,,,,7.54,,11.63,5.47,,9.55,13
01-05-2003,23.69,10.15,24.9,,,,,8.41,,,,23.45,10.56,,23.71,8.3,,,10.54,,,,,,,9.51,,30.38,,,27.66,10.17,,,,,,7.78,,11.61,5.74,,9.92,12.36
01-06-2003,27.34,11.84,28.43,,,,,9.62,,,,25.84,11.84,,26.55,9.58,,,11.64,,,,,,,10.6,,34.27,,,31.45,11.37,,,,,,9.03,,12.82,6.47,,10.89,13.92
01-07-2003,29.65,12.4,31.36,,,,,10.83,,,,29.07,13.15,,29.8,10.9,,,12.86,,,,,,,11.47,,38.87,,,35.16,12.68,,,,,,11.16,,14.8,7.4,,11.49,15.57
01-08-2003,31.4,13.78,33.95,,,,,11.68,,,,31.88,14.12,,32.04,11.58,,,13.81,,,,,,,12.58,,44.38,,,37.86,13.67,,,,,,11.85,,15.94,7.68,,12.03,17.16
01-09-2003,36.53,16.02,38.31,,,,,13.71,,,,35.69,15.84,,37.54,13.07,,,15.85,,,,,,,14.31,,51.46,,,43.74,15.42,,,,,,13.5,,18.8,9.13,,13.36,18.94
01-10-2003,38.59,16.25,41.58,,,,,14.32,,,,36.86,16.86,,38.98,14.04,,,16.53,,,,,,,14.98,,54.18,,,48.42,14.92,,,,,,14.62,,19.72,9.25,21.69,13.86,19.95
01-11-2003,43.35,17.48,45.14,,,,,16.02,,,,39.61,17.63,,43.79,15.33,,,17.7,,,,,,,16.2,,59.27,,,53.04,13.3,,,,,,15.77,,21.07,10.1,24.11,14.41,21.78
01-12-2003,42.81,19.05,48.8,,,,,17.42,,,,43.09,20.33,,46.77,16.75,,,20.43,,,,,,,17.71,,66.99,,,59.45,11.72,,,,,,19.29,,24.89,11.68,26.8,15.45,23.39
01-01-2004,51.86,23.09,57.81,,,,,20.43,,,,49.71,24.31,,52.29,19.51,,,23.01,,,,,,,19.68,,79.45,,,69.44,13.64,,,,,,21.84,,28.99,13.06,31.45,18.85,27.43
01-02-2004,49.14,20.95,55.46,,,,,19.42,10,,,48.16,22.75,,51.26,18.03,,,21.06,,,,,,,18.63,,73.77,,,63.69,10.03,,,,,,20.68,,25.97,11.73,30.19,17.85,27.14
01-03-2004,52.05,21.46,58.25,,,,,20.43,10.29,,,50.43,23.08,,52.93,18.73,,,20.09,,,,,,,18.96,,77.29,,,66.45,10.5,,,,,,22.18,,26.77,11.72,30.11,18.54,22.3
01-04-2004,51.95,22.42,57.01,,,,,20.47,10.19,,,51.13,23.47,,53.29,18.71,,9.91,19.45,,,,,,,19.38,,77.23,,,64.62,10.3,,,,,,21.66,,26.04,11.1,29.96,18.27,22
01-05-2004,51.77,23.04,61.02,,,,,21.28,10.16,,,51.94,24.72,,53.26,19.1,,10.4,19.58,,,,,,,20.63,,80.37,,,65.34,11.67,,,,,,22.29,,26.63,11.45,30.04,18.77,22.55
01-06-2004,42.4,19.44,50.82,,,,,17.96,8.43,,,45.64,21.94,,46.05,16.24,,9.28,16.96,,,,,,,18.21,,70.1,,,54.85,10.22,,,,,,18.73,,22.53,10.81,25.88,16.51,19.59
01-07-2004,43.93,20.2,52.35,,,,,18.17,8.79,,,46.5,22.62,,46.32,16.61,,9.5,17.02,,,,,,,18.5,,70.25,,,56.99,10.54,,,,,,18.9,10.14,22.45,10.26,26.66,17.22,20.17
01-08-2004,46.74,20.69,55.61,,,,,19.05,9.34,,,48.45,24.09,,49.4,17.26,,10.09,18.05,,,,,,,19.79,,76.19,,,60.9,11.61,,,,,,20.01,10.6,24.51,11.22,27.81,17.78,21.16
01-09-2004,48.69,21.58,59.36,,,,,19.83,9.79,,,50.85,26.41,,51.9,18.63,,10.63,18.85,,,,,,,20.94,,84.61,,,64.19,12.57,,,,,,21.17,10.86,26.63,12.86,28.52,18.48,21.56
01-10-2004,51.3,23.25,62.83,,,,,21.22,10.63,,,53.67,27.71,10.29,55.6,19.45,,11.32,20.85,,,,,,,22.16,,89.77,,,69.5,13.18,,,,,,23.11,11.83,28.84,13.91,30.84,19.86,23.22
01-11-2004,52.6,23.64,64.49,,,,,21.38,10.55,,,53.17,28.74,10.5,55.34,19.71,,11.13,21.49,,,,,,,22.73,,90.8,,,69.7,13.81,,,,,,23.19,11.87,28.63,13.98,30.53,20.35,23.77
01-12-2004,58.65,26.62,74.05,,,,,23.42,11.27,,,58.04,31.66,11.29,60.36,21.63,,12.31,23.97,,,,,,,25.1,,99.09,,,75.11,12.94,,,,,10.4,25.53,12.91,31.64,14.9,33.25,22.31,26.44
01-01-2005,64.56,29.09,82,,,,,26.06,12.34,,,62.38,35.22,12.2,66.39,24.04,,13.47,26.22,,,,,,,27.41,,112.12,,,82.08,14.58,,,,,10.91,27.85,13.99,34.61,17.29,37.13,20.98,25.86
01-02-2005,62.25,27.76,79.44,,,,,25.93,12.43,,,61.35,34.78,11.8,63.95,23.83,,13.38,25.8,,,,,,,27,,112.57,,,83.36,14.65,,,,,10.91,27.87,13.72,34.56,16.69,36.48,20.66,25.35
01-03-2005,64.76,28.21,80.83,,,,,26.9,12.69,,,64.27,36.09,12.25,67.76,24.63,,13.63,27.03,,,,,,,27.69,,119.59,,,89.08,15.84,,,,,11.25,28.99,14.24,37.48,19.38,37.32,21.2,26.09
01-04-2005,65.47,28.6,82.14,,,,,26.8,12.67,9.8,,64.19,36.49,12.51,68.24,24.49,,13.3,27.3,,,,,,,27.67,10.06,122.63,,,88.13,16.36,,,,,11.19,28.95,14.01,37.33,19.04,36.37,21.35,26.49
01-05-2005,61.98,27.55,81.75,,,,,25.08,11.42,9.34,,61.46,35.93,12.25,65.36,23.86,9.8,12.4,25.97,,,,,,,26.02,9.66,123.3,,,86.09,15.7,,,,,10.97,28.04,13.43,36.7,18.17,34.68,21.41,24.56
01-06-2005,66.86,29.73,90.4,,,,,26.96,12.37,10.18,,66.74,37.77,13.16,71.78,25.56,10.45,13.49,28.78,,,,,,,28.12,10.29,133.52,,,92.05,17.2,,23.88,,,11.92,30.53,14.67,38.81,19.85,36.98,22.8,26.87
01-07-2005,69.07,30.02,93.3,,,,,28.12,12.7,10.67,,69.64,37.97,13.52,74.34,25.69,10.88,13.65,29.83,,,,,,,28.24,10.76,136.05,10.03,,92.23,17.91,,24.45,,,11.92,31.06,14.97,38.38,19.75,38.52,23.2,28.29
01-08-2005,73.57,32.21,100.41,,,,,30.61,13.38,11.52,,74.11,41.9,14.84,80.94,27.36,11.69,14.94,33.36,,,,,,,30.86,11.65,150.95,10.04,,100.41,19.88,,27.44,,,12.71,33.92,16.39,41.91,22,40.77,24.39,30.39
01-09-2005,77.71,33.93,109.42,10.46,,,,32.92,14.55,12.33,,80.37,46.6,15.94,85.99,29.33,12.34,16.56,37.06,,10.89,,,,,33.32,12.45,168,10.04,,105.54,22.19,,30.62,,,13.48,37.37,17.77,45.3,25.75,43.01,25.93,31.74
01-10-2005,83.61,35.26,117.04,11.16,,,,35.33,15.1,13.16,,82.75,48.85,17.18,93.06,31.38,13.18,17.6,38.43,,11.19,,,,,34.86,12.97,174.28,10.05,,114.32,23.04,10,32.41,,,13.93,38.99,18.89,47.61,25.74,46.15,26.69,33.73
01-11-2005,78.46,32.56,106.09,10.35,,,,32.37,13.59,12.15,,75.83,44.94,15.7,88.3,28.8,12.06,16.22,34.59,,10.14,,,,,31.24,11.74,157.33,10.05,,105.35,21.53,9.59,29.9,,,12.79,35.24,17.06,43.2,22.77,42.56,25.35,31.52
01-12-2005,88.42,36.55,121.54,11.58,,,,36.92,14.99,14.14,,87.91,50.13,17.86,100.95,32.46,13.72,18.16,38.93,10,11.46,,,,,35.69,13.62,176.71,10.04,,120.08,24.61,10.74,35.14,,,14.5,40.1,19.02,49.5,26.29,47.27,28.85,35.14
01-01-2006,92.48,37.97,126.52,12.07,,,,39.06,15.99,14.84,,92.08,51.96,18.82,107.01,33.59,14.08,19.36,41.57,10.48,12.09,,,,,38.16,14.34,189.18,10.03,,125.97,24.92,11.11,36.06,,,14.95,42.1,19.59,51.93,28.19,50.1,29.82,36.77
01-02-2006,98.4,39.2,134.57,12.68,,,,41.66,16.83,15.78,,98.45,53.45,20.53,112.48,35.61,14.99,20.08,44.14,10.78,12.43,,,,,41.13,15.32,201.18,10.23,,132.87,26.89,11.84,39.72,,,15.36,45.55,20.44,57.67,30.11,50.96,32.07,38.19
01-03-2006,103.7,40.41,142.33,13.18,,,,44.4,18.17,17.02,,105.74,56.14,21.65,119.5,37.15,15.59,20.83,47.53,11.06,13.24,,,,,43.05,16.29,210.22,10.62,,141.83,29.08,12.74,42.45,,,16.14,49.06,21.37,61.33,32.38,53.84,34.18,39.08
01-04-2006,113.71,42.65,155.69,14.05,,,,48.3,20.25,18.3,,113.29,60.17,23.82,127.15,41.24,16.75,23.05,53.36,11.76,14.22,,,,,47.36,18.48,229.76,11.86,,155.75,32.26,13.96,46.34,,,16.88,53.7,22.89,69.48,34.17,58.76,36.72,40.78
01-05-2006,113.89,42.88,158.59,13.94,,,,50.19,21.89,19.12,,118.47,65.15,25.51,130.61,43.13,17.23,25.48,57.66,12.18,15.01,,,,,48.77,19.36,247.31,13.37,,165.65,35.14,14.47,48.27,,,17.1,57.15,24.01,71.94,37.5,61.96,35.96,41.18
01-06-2006,96.08,36.27,133.81,11.83,,,,42.71,17.86,16.38,,99.08,54.92,21.11,112.33,36.55,14.45,21.6,48.78,10.96,12.19,,9.38,,,40.66,16.45,215.11,11.52,,136.11,29.57,12.39,41.31,,,14.77,47.24,20.06,59.86,30.82,52.36,30.55,36
01-07-2006,95.44,35.45,130.63,11.43,,,,43.09,17.69,16.13,,100.29,50.41,20.8,113.82,36.03,14.35,21.34,47.38,9.97,12.39,,9.17,,,39.89,16.32,199.52,11.09,,137.65,28.99,12.23,39.72,,,14.32,45.42,19.66,57.88,28.81,52.01,28.65,34.53
01-08-2006,96.62,34.99,131.54,11.57,,,,43.12,17.61,16.26,,102.4,49.58,20.5,115.65,37.31,14.33,20.85,47.6,10.07,12.16,,9.41,,,39.18,15.96,193.2,11.47,,138.71,28.6,12.19,40.07,,,14.43,44.4,19.5,58.3,28.44,52.19,28.44,35.31
01-09-2006,106.31,39.21,147.46,13,,,,47.2,19.78,18.19,,113.03,54.2,22.53,128.06,40.93,15.91,23.51,53.18,11.23,13.26,,10.58,,,42.83,17.99,218.12,13.29,,152.2,31.7,13.42,44.42,,,16.02,48.85,21.52,65.04,32.17,58.04,31.75,38.98
01-10-2006,111.84,41.11,158.44,13.92,,,,49.44,20.97,19.11,,119.48,57.28,23.68,133.81,43.45,16.61,24.47,55.82,12.09,13.9,,11.35,,,45.35,18.74,234.8,14.21,,160.53,33.43,14.18,46.26,,,16.88,51.18,22.69,68.49,35.05,60.32,32.89,41.29
01-11-2006,118.96,42.07,169.19,14.79,,,,52.37,22.52,20.08,,128.59,60.67,25.22,140.19,45.72,17.7,26.05,59.82,13.21,14.67,,11.93,,,48.06,19.97,250.23,14.99,,172.67,35.47,14.91,48.51,,,17.07,54.47,24.26,72.9,37.23,64.44,34.17,44.8
01-12-2006,125.58,41.96,180.37,15.49,,,,55.86,23.4,20.96,,134.86,63.94,26.15,147.94,48.37,18.57,28.53,63.16,14.43,15.59,,12.89,,,50.13,21.04,261.78,15.67,,178.48,37.96,16.06,52.55,,,17.47,57.9,25.19,78.57,40.81,64.61,34.69,50.17
01-01-2007,124.28,41.94,180.72,15.34,,,,56.23,23.54,21.06,,137.53,63.17,25.79,145.39,48.41,18.23,29.37,65.81,15.44,15.59,,12.8,,,50,21.69,266.74,15.64,,183.67,37.5,15.85,54.03,,,17.2,58.08,25.27,78.09,41.96,65.39,34.73,49.44
01-02-2007,129.21,43.5,188.79,16.19,,,,57.05,23.84,21.46,,144.25,64.62,26.15,152.42,49.38,18.92,29.66,68.14,15.99,16.42,,13.37,,,51.88,22.26,279.4,16.25,,186.17,39.2,16.25,55.5,,,18.08,60.25,26.49,81.81,42.55,69.39,35.2,51.82
01-03-2007,119.45,40.38,172.01,15.21,,,,52.66,22.12,19.71,,132.64,60.98,24.15,143.68,45.32,17.63,26.87,63.7,15.12,14.97,,12.03,,,46.97,20.71,262.09,14.62,,173.56,35.65,14.51,50.67,,,16.53,55.31,24.28,73.25,37.72,62.35,33.04,47.18
01-04-2007,118.95,39.94,174.25,15.54,,,,52.17,21.94,19.57,,132.81,60.3,23.94,142.6,45.46,17.63,26.74,63.02,14.96,14.89,,12.07,,,46.52,20.35,259.54,14.45,,169.7,35.55,14.62,50.68,,,16.41,55.32,24.13,72.87,37.28,62.32,32.67,47
01-05-2007,125.17,42.75,186.23,16.33,,,,56.01,23.42,20.97,,142.36,65.82,25.18,151.16,48.58,18.76,28.53,67.14,16.01,15.93,,12.87,,,49.44,21.5,275.5,15.66,,183.8,38.86,15.45,54.14,,,17.77,59.32,26.75,78.6,40.72,68.5,34.4,48.94
01-06-2007,132.97,46.15,203.87,17.42,,,,59.64,25.3,22.41,,152.13,70.34,26.61,161.9,53.31,19.89,30.59,70.09,17.1,16.89,,13.77,,,52.43,22.83,296.98,16.95,,201.07,41.67,16.14,56.84,,,19.18,64.15,29.63,81.96,45.08,73.7,37.3,52.17
01-07-2007,135.01,47.13,207.64,17.63,,10.41,,61.03,26.28,22.92,,156.01,73.27,27.01,165.31,54.7,19.96,31.18,70.73,17.51,17.21,,14.19,,10.09,53.35,23.41,307.46,17.3,,207.32,41.97,16.17,59.71,,,19.67,66.66,30.4,86.05,45.79,74.07,38.7,53.53
01-08-2007,135.23,46.83,212.68,17.74,,10.24,,61.92,27.54,23.26,9.73,156.9,74.51,27.68,165.82,56.7,20.4,29.98,71.08,17.07,17.59,,14.04,,10.1,53.16,22.97,311.59,17.41,,211.09,42.56,16.53,61.47,,,19.73,66.18,31.04,88.94,47.41,74.18,37.29,53.06
01-09-2007,138.54,47.12,217.45,17.86,,10.56,,63.45,28.57,23.76,10.05,159.14,76.32,28.44,168.83,58.17,20.92,30.65,72.23,17.34,18.05,,14.18,,10.35,54.16,23.25,311.78,17.6,9.9,214.28,44.05,16.92,63.28,,,20.33,67.55,31.3,91.72,50.2,75.64,38.1,53.66
01-10-2007,153.95,51.97,242.73,19.86,,12.08,,70.8,33.29,26.44,11.13,179.26,83.69,30.65,184.17,64.36,22.79,34.27,77.94,18.86,20.64,,15.78,,11.6,60.23,25.34,354.09,19.89,10.87,238.7,50,19.15,71.82,,,23.12,77.25,36.16,102.1,57.45,87.69,39.75,60.34
01-11-2007,169.98,52.02,269.86,20.88,,13.03,,78.74,39.68,29.26,12.47,196.38,96.75,34.49,209.25,73.34,25.87,38.95,84.2,20.65,24.54,,16.62,,12.82,68.31,27.79,401.88,22.51,12.42,264.11,54.44,21.51,78.95,,,24.4,90.14,40.31,113.25,64.73,95.65,41.86,68.52
01-12-2007,175.58,57.01,278.43,21.27,,13.55,,80.68,40.93,29.54,12.76,197.94,99.03,35.06,206.18,74.9,26.11,40.09,84.61,21.32,24.7,,17.3,,12.72,70.5,29.29,419.16,23.85,12.35,264.45,56.49,21.58,83.78,,,26.8,93.08,41.5,117.92,71.05,97.23,42.3,67.49
01-01-2008,196.69,66.57,308.33,24.27,,15.51,,90.54,45.69,31.5,14.25,212.84,107.23,37.17,224.59,81.29,27.18,44.77,93.55,24.85,26.15,,18.76,,13.74,76.64,32.04,476.85,30.29,13.29,289.74,62.63,23.15,89.36,,,30.35,103.7,47.36,131.24,78.67,106.97,46.07,73.44
01-02-2008,159.08,52.33,254.44,20.48,10,12.47,,76.08,38.12,26.98,12.05,186.9,88.58,31.99,191.08,69.64,23.25,36.88,81.69,20.67,22.04,,16.16,,11.72,65.64,26.41,393.61,26.51,11.59,251.86,52.36,19.83,73.67,,,23.82,84.86,38.77,105.32,66.26,91.15,37.49,63.2
01-03-2008,152.35,52.29,246.07,19.68,9.87,12.33,,72.62,38.05,25.86,11.49,178.67,87.44,31.62,187.59,67.83,22.84,35.47,79.25,19.74,21.7,,15.92,,11.34,62.61,25.51,380.05,25.66,11.34,240.47,51.5,19.27,71.79,,,24.26,81.41,37.7,104.39,59.32,91.85,38.25,60.08
01-04-2008,128.48,46.3,211.51,17.33,8.6,11.09,,63.06,32.73,22.24,9.63,157.85,74.98,26.82,164.84,62.03,19.57,30.77,72.16,16.61,18.65,,13.29,,9.79,52.27,21.71,332.2,21.84,10.07,205.96,45.38,16.29,61.44,,,21.53,70.52,32.82,89.82,51,83.33,34.8,50.29
01-05-2008,142.54,50.4,230.01,18.47,9.52,12.22,,68.48,36.36,24.39,10.53,173.77,79.42,28.28,178.19,66.2,20.83,33.99,79.07,17.92,20.2,,14.95,11.06,10.72,56.75,23.74,369.86,23.74,11.1,221.46,49.38,17.51,65.78,,,23.47,76.71,36.69,96.28,56.07,92.24,36.8,54.7
01-06-2008,135.24,48.16,220.88,17.96,9.14,11.79,,64.51,35.31,23.6,10.01,167.15,75.07,26.35,169.61,62.81,19.81,32.84,75.99,16.74,19.21,,14.09,10.65,10.15,54.21,22.43,353.64,22.21,10.57,211.84,46.83,16.73,62.09,,,22.88,74.35,35.78,89.47,51.52,92.11,36.21,51.03
01-07-2008,105.15,39.21,172.22,14.44,7.27,9.66,,51.5,28.09,18.74,7.89,132.92,62.06,21.03,138.42,51.61,16.07,26.9,62.49,13.07,15.81,,11.37,8.45,7.73,42.32,17.9,291.42,17.75,8.51,165.97,38.66,13.82,52.17,,,18.14,59.52,28.65,68.78,40.04,74.37,30.05,39.02
01-08-2008,118.2,43.84,188.61,15.94,7.97,10.6,,57.44,30.73,20.42,8.52,146.09,68.31,24.13,154.56,57.96,18.1,28.76,70.14,14.21,17.07,,12.61,9.47,8.78,46.29,19.88,322.7,19.76,9.65,185.42,41.72,14.63,55.98,,,20.19,64.64,31.53,74.36,45.75,80.76,33.12,44.45
01-09-2008,116.23,43.9,189.22,16.33,7.97,10.68,,57.08,30.47,20.58,8.64,149.86,70.22,24.39,159.23,58.99,18.47,28.45,71.3,14.08,16.78,,13.03,9.42,8.7,45.94,20.11,318.65,20.28,9.56,185.75,41.41,14.53,57.18,,,19.93,64.84,31.31,73.37,45.08,79.65,33.68,44.19
01-10-2008,105.42,41.82,170.79,15.33,7.16,9.74,,51.53,26.91,19.09,7.8,141.23,63.88,22.96,147.1,55.17,17.39,25.4,63.69,12.18,14.95,,11.78,8.38,7.79,39.98,17.89,283.29,17.96,8.77,168.6,37.4,13.13,52,,,17.69,56.23,27.61,63.59,38.02,68.76,31.07,39.3
01-11-2008,80.17,33.91,131.78,12.26,5.26,7.62,,39.83,20.01,14.62,5.89,109.08,47.59,16.27,110.32,42.28,12.33,19.41,48.43,8.84,11.95,,8.79,6.34,5.92,29.09,13.48,218.28,13.6,6.6,133.55,28.15,9.93,39.97,,,13.63,40.84,20.31,44.5,26.07,53.69,26.19,29.83
01-12-2008,74.02,33.82,120.52,11.88,5,7.18,,37.12,18.67,13.68,5.29,102.24,43.96,14.75,99.64,39.45,11.3,18.74,45.23,8.16,10.87,,7.98,5.84,5.41,25.76,12.56,197.33,12.11,6.17,126.49,26.55,8.99,36.15,,,12.49,36.19,18.73,40.85,23.01,48.58,24.48,27
01-01-2009,83.28,37.03,136.66,12.62,5.56,7.8,,41.09,21.01,15.48,6.09,113.8,48.89,17.2,114.52,42.37,13.06,20.43,52.34,9.27,12.02,,9.09,6.92,6.01,28.5,14.45,220.86,14.05,6.88,141.31,29.85,10.01,40.69,,,14.36,40.87,21.92,46.79,27.44,53.37,26.59,30.22
01-02-2009,75.67,35.84,124.15,11.88,5.16,7.55,,39.21,19.62,14.24,5.46,105.67,45.56,15.6,103.75,38.44,11.85,19.56,48.81,8.34,11.53,,7.85,6.26,5.69,27.46,12.91,202.78,12.81,6.63,130.5,28.4,9.28,38.11,,,13.45,36.96,20.15,43.79,24.78,50.45,26.08,27.9
01-03-2009,70.96,34.46,116.92,11.39,4.85,7.3,,38.06,19.04,13.52,5.15,101.12,43.34,14.78,98.16,36.43,11.3,18.8,46.81,7.72,11.12,,7.24,5.91,5.55,26.83,12.31,194.14,12.13,6.37,124.65,27.17,8.94,37.6,,,12.92,35.82,18.92,42.42,22.95,47.95,26.02,25.96
01-04-2009,77.91,35.97,127.07,11.93,5.2,7.7,,40.85,20.31,14.85,5.71,110.34,46.87,16.17,110.15,39.02,12.12,19.89,50.31,8.33,11.64,,7.96,6.64,6.04,28.72,13.67,210.51,13.71,6.96,136.35,30.12,9.77,40.71,,,14.1,38.82,21.32,47.5,25.2,54.95,27.49,27.77
01-05-2009,90.03,39.51,145.45,13.15,6.01,8.5,,45.78,22.57,17.04,6.59,123.73,53.01,18.58,127.1,44.13,13.81,21.99,56.8,9.75,13.06,,9.34,7.66,6.76,32.39,15.14,242.88,15.43,7.81,150.8,34.13,11.02,45.4,,,15.76,42.3,23.96,52.14,28.49,62.32,29.8,31.66
01-06-2009,126.53,52.92,199.35,16.21,8.21,11.33,,59,28.89,22.47,8.82,160.97,67.69,25.37,170.37,57.4,18.8,26.95,68.76,12.39,16.57,,13.17,10.52,8.76,40.32,20.26,331.49,21.83,9.96,201.03,45.69,14.34,59.61,,,19.84,57.88,31.59,69.07,43.65,81.1,35.63,40.56
01-07-2009,123.7,51.84,196.98,16.3,7.89,11.14,,59.06,28.63,22.51,8.85,156.04,69.98,25.2,174.85,57.76,18.81,27.15,69.74,12.53,16.37,,12.75,10.3,8.95,40.37,20.37,328.02,21.59,9.86,197.91,44.16,14.09,58.42,,,20.32,56.75,31.04,68.14,43.11,80.58,35.85,41.7
01-08-2009,129.8,56.97,210.22,17.54,8.37,11.94,,64.55,30.73,24.37,9.68,165.08,77.16,27.41,187.63,61.76,20.51,28.66,75.29,13.66,17.41,,13.66,11.25,9.77,43.58,22.14,351.49,23.11,10.57,213.27,48.3,15.2,63.28,,,22.52,63.08,34.84,78.33,44.42,89.13,40.03,44.79
01-09-2009,132.66,59.99,213.77,17.94,8.67,12.4,,65.32,31.24,24.63,9.9,168.66,77.99,28.15,190.9,62.64,20.91,28.95,77.78,13.89,17.76,,14.03,11.62,9.88,43.98,22.92,362.39,23.6,10.54,214.34,48.52,15.33,64.12,,,22.77,66.13,36.59,81.35,44.18,88.96,40.48,46.65
01-10-2009,145.78,64.76,232.51,18.81,9.28,13.53,,71.21,34,26.59,10.71,179.92,86.3,31.12,211.26,68.59,23.24,30.93,83.82,15.11,19.13,10.24,15.09,12.79,10.85,47.93,26.02,393.2,25.78,11.57,237.31,52.94,16.61,68.79,,,24.59,71.24,39.45,86.19,47.64,98.67,43.61,51.04
01-11-2009,138.92,63.91,223.08,17.9,8.66,13.06,,68.62,32.45,25.64,10.46,173.91,84.02,30.3,209.02,66.86,22.31,29.58,81.89,14.27,18.16,9.77,14.6,12.41,10.58,45.97,24.81,376.28,24.56,10.64,223.84,49.8,15.91,66.49,,,24.48,68.96,38.84,81.78,44.25,93.67,43.42,49.21
01-12-2009,149.08,68.79,244.76,19.29,9.3,14.19,,73.68,34.86,27.88,11.41,188.31,90.5,33.21,227.75,72.2,24.32,31.83,88.4,15.5,19.36,10.57,15.78,13.76,11.44,49.41,27.18,411.59,27.04,11.42,243.46,54.07,17.25,73.06,,,25.97,75.89,42.54,89.23,47.27,103.46,46.62,52.94
01-01-2010,151.66,69.35,252.08,19.87,9.68,14.68,,75.24,35.78,28.66,11.83,192.84,92.72,34.05,231.01,73,25,32.25,92.03,15.95,19.67,10.64,16.13,14.13,11.56,50.06,29.44,427.35,27.79,11.69,251.91,55.68,17.72,74.86,,,26.62,78.11,43.6,94.39,49.32,106.97,47.91,55.22
01-02-2010,143.34,68.79,243.36,19.54,9.41,14.15,,72.17,34.13,27.61,11.56,189.82,91.25,33.86,224.98,71.61,24.4,30.4,90.44,15.23,19.21,10.19,15.82,13.59,11.3,48.49,28.39,420.27,27.52,11.05,241.06,53.73,17.06,72.84,,9.73,26.82,76.25,42.67,93.52,48.38,104.84,46.27,52.97
01-03-2010,140.99,68.69,237.14,19.3,9.19,13.86,,71.69,34.34,27.29,11.26,187.7,90.37,33.67,223.39,70.26,24.33,30.3,90.3,15.32,18.97,10.1,15.63,13.54,11.28,47.86,28.37,413.33,27.06,11.03,239.55,52.55,16.79,71.15,,9.62,26.86,75.1,41.81,92.09,47.19,104.84,47.09,52.5
01-04-2010,152.21,73.4,255.14,20.68,9.87,14.87,,76.72,37.14,29.48,12.3,202.4,98.41,36.19,238.33,75.31,26.04,32.17,95.6,16.5,20.11,10.8,16.81,14.55,12.12,51.01,31.37,443.71,28.83,11.7,254.02,55.74,17.83,75.21,,9.97,28.72,80.2,44.05,99.26,49.84,114.47,50.49,55.53
01-05-2010,155.15,76.54,259.9,21.59,10.04,15.27,,78.72,38.24,29.89,12.43,202.92,99,36.93,244.51,76.77,26.53,32.44,96.78,16.94,20.31,10.84,17.1,14.99,12.05,51.33,32.21,457.79,29.35,11.81,256.11,56.33,17.94,78.22,,10.05,29.67,79.88,45.05,100.04,51.68,115.21,51.81,57.04
01-06-2010,145.96,74.88,243.58,20.64,9.2,14.64,,76.56,35.26,28.06,11.39,190.49,97.54,35.17,237.63,76.13,25.53,30.88,94.72,15.59,19.13,10.46,16.54,14.23,11.6,48.74,30.65,435.38,27.71,11.31,245.98,53.17,16.86,76.07,,9.85,28.94,75.72,43.28,95.19,50.17,108.44,50.26,53.2
01-07-2010,153.81,79.51,256.39,22.12,9.72,15.47,10.3,81.15,36.87,29.57,11.97,201.69,103,37.13,251.39,80.78,27.08,32.65,98.75,16.4,20.11,11.16,17.37,14.93,12.16,51.48,32.77,456.76,29.43,12.19,263.53,57.03,17.87,80.5,,10.32,30.77,79.48,45.67,100.56,52.67,113.41,54.65,55.39
01-08-2010,158.74,82.51,265.37,23.22,10.04,15.9,10.37,83.93,38.71,30.88,12.51,208.68,105.8,39.42,262.84,82.64,28.52,33.18,101.16,17.18,20.7,11.41,18.01,15.33,12.08,52.54,34.42,465.91,30.32,12.36,266.64,57.05,18.11,82.57,10.05,10.71,31.11,81.4,45.98,102.06,54.91,115.78,55.2,57.66
01-09-2010,162.26,86.06,276.11,24.9,10.58,16.89,10.72,87.93,39.9,32.36,13.15,219.74,109.72,40.73,276.3,87,29.59,34.53,102.79,17.56,21.65,12.03,18.48,15.91,12.26,53.48,36.2,483.92,31.68,12.73,276.3,59.24,18.34,84.91,10.52,11.5,32.57,83.36,47.34,106.86,57.05,120.67,56.47,59.38
01-10-2010,177.1,92.14,296.86,26.46,11.24,18.07,11.49,95.51,43.03,35.47,14.28,238.43,119.52,43.93,300.52,94.21,31.72,37.76,109.89,19.03,23.12,12.87,20.01,17.28,13.03,57.84,39.41,518.46,33.89,14.15,303.87,63.56,19.95,90.4,11.21,12.28,35.41,89.57,51.59,114.4,62.2,132.66,61.11,64.8
01-11-2010,177.54,94.05,297.35,26.27,11.4,18.16,11.4,95.13,43.03,35.75,14.53,235.08,120.21,44.84,306.97,93.76,31.83,38.06,110.58,18.7,23.21,13.24,20.31,17.57,12.9,58.41,38.83,533.83,34.61,14.02,302.37,63.81,19.98,92.82,10.86,12.45,35.69,89.03,51.56,113.59,62.22,133.9,61.41,64.18
01-12-2010,172.59,90.99,287.12,25.6,10.87,17.39,11.03,93.08,41.53,34.89,13.85,230.13,118.52,43.4,302.13,92.73,30.95,36.93,109.38,18.47,22.64,12.64,19.74,17.28,12.72,57.25,38.03,504.75,33.38,13.61,290.42,60.84,19.43,90.19,10.45,11.97,34.56,86.37,50.22,111.67,60.09,128.27,59.62,62.68
01-01-2011,173.49,90.05,287.77,25.53,10.84,17.59,11.18,93.44,40.89,34.68,13.58,230.41,119.09,43.69,298.5,93.23,30.94,37.33,111.6,18.67,22.5,12.77,19.74,17.4,12.91,57.13,38.4,500.78,33.24,13.95,290.35,61.02,19.45,89.31,10.36,11.83,35.23,85.78,50.94,113.05,60.89,130.46,60.4,63.74
01-02-2011,151.47,80.85,253.45,22.39,9.45,15.81,10.07,83.52,35.55,31.17,11.99,209.52,105.68,39.74,269.28,83.13,27.87,33.42,103.84,16.41,20.02,11.27,17.84,15.6,11.66,50.2,34.01,446.59,29.72,12.51,259.73,53.3,17.04,77.2,9.52,10.92,31.91,74.74,45.92,100,54.64,116.33,55.69,57.69
01-03-2011,150.47,80.19,248.6,22.37,9.42,15.69,10.05,83.21,35.35,31.16,12.03,210.65,105.97,38.87,268.96,84.07,27.59,33.71,104.97,16.7,19.9,11.13,17.89,15.79,11.51,49.15,33.62,439.59,28.96,12.62,257.85,52.8,16.91,75.98,9.4,10.84,31.54,75.42,45.6,100.14,54.8,114.58,54.98,57.13
01-04-2011,158.21,85.09,260.69,23.78,9.86,16.65,10.59,86.29,36.57,33.23,12.84,224.28,111.42,40.68,282.66,87.97,28.91,35.65,109.15,17.82,20.86,11.76,18.75,16.66,12.06,51.52,35.76,461.43,30.46,13.21,270.78,55.62,17.66,78.61,9.84,11.37,33.04,79.75,47.91,105.48,57.32,120.4,58.21,60.09
01-05-2011,157.58,86.54,261.18,24.53,9.77,16.8,10.73,86.93,36.81,33.23,12.96,224.43,112.21,40.81,286.33,88.46,29.23,35.52,109.78,17.67,20.77,11.79,18.83,16.68,12.25,51.52,36.29,466.42,31.05,13.23,272.96,56.07,17.77,81.59,9.98,11.41,34.22,80.61,48.76,107.8,59.32,122.99,60.78,60
01-06-2011,154.04,85.08,253.62,24.6,9.61,16.56,10.55,85.93,36.05,32.71,12.84,222.16,110.55,40.17,280.64,87.08,29.34,35.02,108.24,17.15,20.35,11.64,18.47,16.66,12.31,50.01,35.88,451.77,30.23,12.93,268.79,55.07,17.32,79.33,9.61,10.97,33.86,79.14,47.57,107.3,57.65,118.99,61.19,58.3
01-07-2011,154.58,85.75,253.45,25.89,9.59,16.61,10.74,86.04,36.26,32.73,12.9,222.83,111.83,40.77,281.05,87.72,30.16,35.34,107.84,17.36,20.24,11.7,18.5,16.78,12.51,49.78,36.63,450.89,30.13,13.02,269.23,55.23,17.37,79.76,9.57,10.88,34.12,79.55,46.98,106.95,58.26,116.89,62.83,58.95
01-08-2011,153.41,85.93,253.27,26.03,9.54,16.55,10.63,85.45,36.3,32.37,12.72,223.43,109.87,39.6,277.63,86.3,29.6,34.98,106.97,17.1,20.07,11.62,18.42,16.52,12.71,49,36.75,447.65,30.16,12.8,267.21,54.05,17.05,79.57,9.57,10.99,34.33,79.35,46.98,106.82,57.8,114.99,64.21,59.09
01-09-2011,141.85,81.55,228.51,24.37,8.64,15.32,9.86,78.59,32.77,29.4,11.37,207.14,101.55,36.16,248.36,78.95,27.03,32.64,96.71,15.59,18.23,10.74,16.78,15.13,12.23,44.38,33.56,403.57,26.93,11.55,241.86,49.36,15.31,73.58,8.89,10.15,31.62,73.53,42.83,100.95,53.42,104.06,60.59,51.52
01-10-2011,137.27,80.88,225.85,23.51,8.48,15.08,9.74,77.48,32.25,29.32,11.23,207.23,99.46,35.83,245.41,79.43,26.75,32.27,95.78,15.5,18.15,10.59,16.64,14.99,11.92,43.85,33.38,409.03,26.29,11.38,237.65,48.58,14.94,72.28,8.76,10.1,31.2,72.89,42.02,99.09,52.4,100.66,61.21,50.94
01-11-2011,141.96,82.39,233.94,24.57,8.86,15.54,10.05,80.09,33.37,30.66,11.67,216.57,102.14,36.41,253.73,82.79,27.02,33.37,100.49,16.08,18.79,10.96,17.36,15.66,12.36,45.23,34.51,424.3,27.3,11.92,245.14,50.25,15.68,74.96,8.76,10.34,32.78,75.48,44.03,101.73,54.86,104.58,61.89,53.48
01-12-2011,133.88,78.22,218.41,23.39,8.38,14.51,9.41,75.15,31.39,28.78,10.85,204.29,95.88,34.24,235.85,77.93,25.48,31.99,95.76,15.17,17.62,10.45,16.4,14.87,11.6,43.15,32.3,391.39,25.42,11.08,222.43,46.81,14.61,70,8.28,9.57,31.01,71.25,41.42,97.91,51.78,99.52,58.42,50.15
01-01-2012,124.86,73.11,203.23,21.83,7.97,13.38,8.73,70.03,29.39,26.96,10.19,192.57,90.94,32.35,218.74,73.42,23.95,30.36,88.93,14.09,16.47,9.93,15.29,13.98,10.95,39.47,30.09,363.55,23.28,10.26,207.47,43.79,13.48,66.31,7.55,8.67,29.27,66.02,38.84,94.24,48.39,91.88,56.75,46.81
01-02-2012,141.25,80.47,229.64,23.64,8.69,15.44,9.78,77.41,32.49,30.45,11.48,211.36,99.72,35.47,250.95,82.79,25.97,33.31,102.34,16.4,18.05,10.94,17.37,15.66,12.02,45.42,34.28,418.01,26.79,11.78,244.09,49.16,15.36,73.42,8.3,9.76,32.3,74.09,44.02,101.01,52.91,108.97,61.16,53.95
01-03-2012,143.38,85.01,235.43,24.28,8.91,16.02,9.78,78.98,32.57,31.18,11.95,219.13,104.85,36.89,262.21,85.61,27.42,34.32,106.18,16.83,18.58,11.15,18.05,16.14,12.46,47.64,35.94,431.26,27.73,12.32,252.21,51.31,16.07,76.73,8.65,10.21,34.12,77.46,47,105.97,53.45,112.46,64.66,56.33
01-04-2012,141.39,86.12,236.56,25.07,8.8,15.9,9.7,77.98,32.57,30.89,12.1,220.42,105.56,36.9,261.67,85.45,27.68,34.37,106.13,16.65,18.74,11.2,18.14,16.18,12.66,47.67,36.42,433.82,27.67,12.44,254.03,51.63,16.43,77.15,8.43,9.97,34.43,78.58,46.48,106.24,53.2,110.12,67.48,56.09
01-05-2012,140.73,84.87,234.51,25.65,8.61,15.92,9.36,76.25,32.48,30.51,12.09,216.57,104.83,36.34,259.51,83.67,26.66,34.4,104.09,16.24,18.63,11.18,18.05,16.03,12.14,47.99,37.13,434.6,27.8,12.4,252.08,51.61,16.34,77.05,8.11,9.6,33.89,77.55,44.99,101.89,52.87,108.19,67.98,55.48
01-06-2012,128.23,78.3,216.94,24.11,8.01,14.67,8.62,70.91,29.78,28.26,11.32,203.34,97.84,33.33,239.44,78.46,24.93,32.23,99.05,15.21,17.41,10.41,17.14,14.99,11.38,44.52,35,398.64,25.68,11.63,231.29,48.18,15.12,72.22,7.57,9,31.84,73.25,41.4,96.85,49.43,99.39,64.49,52.36
01-07-2012,138.54,83.95,233.96,25.35,8.69,15.36,9.14,75.96,32.53,30.1,11.94,217.2,105.23,35.59,257.76,84,26.01,34.56,105.23,16.23,18.8,11.35,18.32,16,12.18,47.73,37.26,421.83,27.57,12.48,249.08,50.58,16.13,76.87,8.16,9.68,33.92,78.21,43.99,102.45,53.8,106.78,66.64,56.62
01-08-2012,138.83,82.79,235.6,26.19,8.73,15.34,9.21,76.61,32.95,30.66,12.16,218.76,104.93,34.57,255.74,83.45,25.64,34.12,105.07,16.3,19.12,11.38,18.58,16.08,12.01,48.08,37.65,418.3,27.92,12.53,247.57,50.8,16.38,78.02,7.93,9.38,33.21,78.99,44.21,104.14,53.38,107.85,66.21,55.93
01-09-2012,138.2,82.26,236.01,26.62,8.69,15.38,9.2,76.89,32.99,30.7,12.27,219.4,104.9,33.98,247.69,83.47,25.27,34.02,104.57,16.36,19.3,11.39,18.78,16.22,12.27,48.49,37.66,419.4,27.97,12.57,241.56,50.75,16.61,78.32,7.86,9.19,33.43,80.73,44.46,108.85,52.87,107.1,67.59,55.89
01-10-2012,151.96,89.89,259.93,28.81,9.57,16.74,10.08,83.89,35.5,33.18,13.39,236.45,114.16,38,278.46,91.49,27.82,36.98,111.9,17.97,20.8,12.38,20.05,17.78,13.2,52.95,41.88,467.88,31.74,13.81,267.93,55.09,17.66,83.9,8.4,9.9,35.87,85.1,48.55,115.36,59.29,115.84,70.41,61.04
01-11-2012,149.3,88.82,258.91,29.06,9.5,16.59,10.1,83.68,35.18,33.28,13.44,236.43,111.66,37.61,274.16,90,27.39,36,111.32,17.98,20.72,12.33,20.17,17.61,13.24,52.74,41.78,465.63,31.49,13.72,260.2,54.95,17.56,83.18,8.18,9.59,35.07,83.96,47.93,115.2,58.81,116.62,70.47,60.22
01-12-2012,158.17,92.49,269.01,30.9,9.9,17.47,10.7,88.36,36.54,35.19,14.27,249.24,115.11,38.55,284.39,92.5,27.87,37.07,114.59,18.94,22.31,12.83,20.98,18.28,13.53,56.36,43.29,494.99,33.39,14.24,264.06,57.7,18.16,86.41,8.22,9.73,36.78,88.65,49.89,118.12,62.12,119.28,72.42,63.55
01-01-2013,163.79,95.47,278.57,32.16,10.11,18.05,11.25,91.56,36.87,35.69,14.62,253.69,117.72,40.3,296.88,94.76,28.96,38.27,117.08,19.07,22.8,13.38,21.54,18.81,13.69,58.21,44.69,505.38,34.33,14.58,272.01,59.09,18.82,88.62,8.39,9.98,37.49,88.78,50.73,118.88,64.02,125.93,74.6,63.04
01-02-2013,159.91,93.75,276.57,31.73,10.21,17.66,11.06,91.18,37.12,36.02,14.77,255.28,119.6,39.55,298.9,96.36,28.67,37.75,118.9,19.38,22.77,13.19,21.68,18.87,13.19,57.79,43.82,496.16,33.42,14.55,269.49,60.34,18.84,87.08,8.53,10.07,37.72,88.71,50.27,120.57,63.7,127.19,71.95,64.42
01-03-2013,149.62,88.65,258.27,29.92,9.43,16.25,10.22,85.16,35.24,33.99,14.02,241.04,113.33,36.16,275.81,89.29,26.42,35.6,113.37,19.24,21.43,12.49,20.37,17.84,12.68,53.62,41.59,453.56,30.62,13.8,247.01,57.97,17.82,83.03,7.87,9.18,35.94,85.26,47.21,116.95,58.63,118.73,68.88,62.97
01-04-2013,146.98,86.63,254.71,29.58,9.23,16.03,10.15,84.4,35.24,33.66,13.91,239.04,113.46,35.36,272.43,88.42,26.07,34.93,111.72,19.56,21.14,12.23,20.24,17.64,12.54,52.97,41.35,443.71,29.77,13.61,238.28,56.86,17.71,82.44,7.65,8.94,35.16,84.93,46.02,117.07,57.39,117.02,68.19,63.53
01-05-2013,152.13,88.68,264.73,31.63,9.69,16.62,10.29,87.2,36.76,33.92,14.1,243.31,114.29,36.85,282.15,90.87,26.54,35.82,113.71,19.11,21.77,12.77,20.91,18.21,12.87,54.88,42.3,452.8,30.87,14.08,259.56,57.74,18.25,85.17,8.03,9.4,35.69,87.69,46.77,116.98,59.64,121.77,72.63,63.37
01-06-2013,152.83,87.9,261.79,32.86,9.53,16.61,10.24,88.49,37.6,33.95,14.31,246.46,115.44,35.89,281.61,88.83,25.7,36.57,112.41,19.58,21.49,12.96,21.07,18.31,13.35,55.32,41.45,449.99,31.16,13.88,255.03,57.89,18.44,86.59,7.8,9.05,35.78,88.53,46.38,119.59,58.97,122.31,76.21,64.07
01-07-2013,150.04,84.25,256.46,32.01,9.25,16.26,10.12,87.81,37.05,33.24,13.96,242.3,114.43,34.11,272.43,86.6,24.66,35.65,110.37,19.98,21.13,12.75,20.62,17.92,13.04,54.01,40.47,438.14,30.41,13.56,250.25,55.73,17.85,84.05,7.51,8.73,35.03,87.56,44.43,120.18,57.91,118.03,74.26,62.64
01-08-2013,144.05,78.66,242.15,30.67,8.44,15.39,9.74,84.64,36.12,32.42,13.62,234.56,110.32,30.97,250.8,80.41,22.87,34.08,108.53,21.78,20.82,12.43,19.67,17.44,12.77,51.05,37.73,399.74,28.27,12.72,224.78,51.89,17,81.12,6.52,7.52,33.65,85.82,42.12,119.79,54.78,108.68,71.85,61.93
01-09-2013,141.35,76.73,238.72,28.53,8.43,14.71,9.25,82.06,34.63,30.93,12.97,223.47,105.28,30.46,242.31,78.05,22.39,33.26,112.27,22.5,20.26,12.02,18.94,16.88,12.41,49.78,37.27,404.62,26.73,12.57,215.68,49.51,16.33,77.9,6.16,7.13,33.28,83.17,41.05,119.81,53.04,102.85,69.33,61.53
01-10-2013,149.15,81.26,255.68,31.05,8.97,15.43,9.77,86.9,36.59,33.01,14.14,237.46,112.65,32.38,257.91,83.01,23.8,35.1,118.13,23.4,21.29,12.64,20.2,17.8,12.92,53.71,38.81,423.89,28.66,13.21,228.86,52.1,17.31,83.8,6.69,7.67,35.19,87.96,44.55,124.05,57.07,108.44,73.43,63.91
01-11-2013,165.16,87.98,281.36,33.41,9.77,17.14,10.72,95.05,39.71,36.66,15.4,258.65,124.14,36.82,289.54,90.97,27.15,38.88,129.34,25.08,22.87,13.86,21.82,19.62,13.82,59.54,42.21,464.58,31.07,14.35,252.92,56.16,18.86,91.94,7.19,8.23,37.76,95.13,48.47,130.61,62.84,120.41,76.94,70.32
01-12-2013,164.64,87.9,283,32.82,9.77,16.9,10.46,93.36,39.01,36.67,15.28,257.88,124.14,37,291.44,90.16,27.46,39.06,129.92,25.73,22.56,13.57,21.7,19.61,13.78,59.27,43.21,467.4,31.24,14.24,254.62,56.22,18.84,92.36,7.1,8.05,37.27,93.1,47.85,131.34,63.21,120.17,77.78,69.6
01-01-2014,174.12,91.77,296.84,33.49,10.23,17.89,11.06,96.62,39.58,38.11,15.95,266.75,128.97,38.89,304.88,92.64,28.6,41.03,135.33,27.21,23.16,14.07,22.68,20.35,14.12,62.6,46.35,491.9,32.94,15.07,269.31,57.81,19.62,97.1,7.26,8.27,39.57,96.04,51.34,137.68,64.83,124.2,82.44,74.16
